{
	"pages": [
		{
			"path": "pages/index/index",
			"style": {
				// #ifdef MP 
				"navigationBarTitleText": "首页",
				//"navigationStyle": "custom",
				// #endif 
				"app-plus": {
					"titleNView": {
						"type": "transparent",
						"searchInput": {
							"backgroundColor": "rgba(231, 231, 231,.7)",
							"borderRadius": "16px",
							"placeholder": "输入任务编号搜索",
							"disabled": true,
							"placeholderColor": "#606266"
						},
						"buttons": [{
								"fontSrc": "/static/yticon.ttf",
								"text": "\ue60d",
								"fontSize": "26",
								"color": "#3a3a3a",
								"float": "rihgt",
								"background": "rgba(0,0,0,0)"
							},
							{
								    "float": "left",
									"fontSize": "15px",
									"width":"50px",
									"text": "Wool",
									"color": "#3a3a3a",
									"background": "rgba(0,0,0,0)"
									
								}
						]
					}
				}
			}
		},
		 {
			"path": "pages/set/set",
			"style": {
				"navigationBarTitleText": "设置"
			}
		},

		{
			"path": "pages/userinfo/userinfo",
			"style": {
				"navigationBarTitleText": "修改资料"
			}
		}, {
			"path": "pages/zys/zys",
			"style": {
				"navigationBarTitleText": "推荐",
				"navigationBarTextStyle":"white",
				"app-plus": {
					"titleNView": {
						"backgroundColor":"#FFB400",
						"titleColor":"#000"
					}
				}
			}
		}, {
			"path": "pages/public/login",
			"style": {
				"navigationBarTitleText": "",
				"navigationStyle": "custom",
				"app-plus": {
					"titleNView": false,
					"animationType": "slide-in-bottom"
				}
			}
		}, {
			"path": "pages/user/user",
			"style": {
				"navigationBarTitleText": "我的",
				// #ifdef MP
				"navigationStyle": "custom",
				// #endif
				"app-plus": {
					"bounce": "none",
					"titleNView": {
						"type": "transparent",
						"buttons": [{
								"fontSrc": "/static/yticon.ttf",
								"text": "\ue60f",
								"fontSize": "24",
								"color": "#303133",
								"width": "46px",
								"background": "rgba(0,0,0,0)"
							}
						]
					}
				}
			}
		}, {
			"path": "pages/detail/detail",
			"style": {
				"navigationBarTitleText": "",
				"app-plus": {
					"titleNView": {
						"type": "transparent"
					}
				}
			}
		},{
			"path": "pages/order/order",
			"style" : {
				"navigationBarTitleText": "邀请好友",
				"navigationBarTextStyle":"white",
				"app-plus": {
					"titleNView": {
						"backgroundColor":"#fd705e",
						"titleColor":"#fff",
						"buttons": [
							{
								"color": "#fff",
								"fontSize": "15px",
								"width":"100px",
								"text": "填写邀请码"
							}
						]
					}
				}
			}
		}, {
			"path": "pages/user/orderrw/order",
			"style": {
				"navigationBarTitleText": "我的任务",
				"app-plus": {
					"bounce": "none"
				}
			}
		},{
			"path": "pages/user/orderrw/orderinfo",
			"style": {
				"navigationBarTitleText": "我的任务详情",
				"app-plus": {
					"bounce": "none"
				}
			}
		}, {
			"path": "pages/money/pay",
			"style": {
				"navigationBarTitleText": "支付"
			}
		},
		{
			"path": "pages/money/paySuccess",
			"style": {
				"navigationBarTitleText": "支付成功"
			}
		},
		{
			"path": "pages/search/search",
			"style": {
				"navigationBarTitleText": "搜索",
				"app-plus": {
					"titleNView": {
						"titleColor": "#3a3a3a",
						"backgroundColor": "#f9f9f9",
	
						"searchInput": {
							"backgroundColor": "#fff",
							"borderRadius": "6px",
							"placeholder": "任务编号,项目名字搜索",
							"autoFocus": true
						}
					}
				}
			}
		},
		{
			"path": "pages/doctor/doctor",
			"style": {
				"navigationBarTitleText": "任务详情",
				"navigationBarTextStyle":"white",
				"app-plus": {
					"titleNView": {
						"backgroundColor":"#FFB400",
						"titleColor":"#fff"
					}
				}
			}
		},
		{
			"path": "pages/doctor/doctortj",
			"style": {
				"navigationBarTitleText": "任务提交",
				"navigationBarTextStyle":"white",
				"app-plus": {
					"titleNView": {
						"backgroundColor":"#FFB400",
						"titleColor":"#fff"
					}
				}
			}
		}
        ,{
			"path": "pages/doctor/taskinfo",
			"style": {
				"navigationBarTitleText": "任务详情",
				"navigationBarTextStyle":"white",
				"app-plus": {
					"titleNView": {
						"backgroundColor":"#FFB400",
						"titleColor":"#fff"
					}
				}
			}
		},{
			"path": "pages/doctor/taskinfosh",
			"style": {
				"navigationBarTitleText": "任务审核",
				"navigationBarTextStyle":"white",
				"app-plus": {
					"titleNView": {
						"backgroundColor":"#FFB400",
						"titleColor":"#fff"
					}
				}
			}
		}
        ,{
            "path" : "pages/payment/payment",
           "style" : {
           	"navigationBarTitleText": "支付中心",
			"navigationBarTextStyle":"white",
           	"app-plus": {
           		"titleNView": {
           			"backgroundColor":"#44b549"
           		}
           	}
           }
        }
        ,{
            "path" : "pages/set/grzl/grzl",
            "style" : {
				"navigationBarTitleText": "个人资料",
					"app-plus": {
					"titleNView": {
						"backgroundColor":"#f8f8f8"
					}
				}
			}
        }
        ,{
            "path" : "pages/set/grzl/modname/modname",
			 "style" : {
				"navigationBarTitleText": "修改姓名",
				"app-plus": {
					"titleNView": {
						"backgroundColor":"#f5f5f5"
						
					}
				}
			}
        }
        ,{
            "path" : "pages/set/grzl/nc/nc",
			"style" : {
				"navigationBarTitleText": "修改昵称",
					"app-plus": {
					"titleNView": {
						"backgroundColor":"#f8f8f8"
					}
				}
			}
        }
        ,{
            "path" : "pages/set/grzl/wx/wx",
			"style" : {
				"navigationBarTitleText": "修改微信号",
					"app-plus": {
					"titleNView": {
						"backgroundColor":"#f8f8f8"
					}
				}
			}
        }
        ,{
            "path" : "pages/user/pfzy/pfzy",
             "style" : {
						"navigationBarTitleText": "拍方抓药",
						"app-plus": {
							"titleNView": {
								"backgroundColor":"#fff"
							}
						}
				}
        }
        ,{
            "path" : "pages/user/wallet/wallet",
              "style" : {
            			"navigationBarTitleText": "",
            			"app-plus": {
            				"titleNView": {
								"buttons": [
									{
										"color": "#333",
										"fontSize": "15px",
										"width":"90px",
										"text": "余额明细"
									}
								]
            				}
            			}
            		}
        }
        ,{
            "path" : "pages/user/wallet/cz/cz",
               "style" : {
							"navigationBarTitleText": "充值",
							"app-plus": {
								"titleNView": {
									"backgroundColor":"#f9f9f9"
								}
							}
						}
        },{
            "path" : "pages/user/wallet/cz/tx",
			"style" : {
						"navigationBarTitleText": "提现",
			            "app-plus": {
			            "titleNView": {
						"backgroundColor":"#f9f9f9",
						"buttons": [
										{
											"color": "#333",
											"fontSize": "15px",
											"width":"90px",
											"text": "提现记录"
										}
									]
			            			}
			            		}
			          }
        }
		,{
		    "path" : "pages/user/jifen/jifen",
		     "style" : {
						"navigationBarTitleText": "今日到账",
						"app-plus": {
							"titleNView": {
								"backgroundColor":"#FFFFFF"
							
							}
						}
					   }
		}
        ,{
            "path" : "pages/user/wallet/czjl/czjl",
             "style" : {
						"navigationBarTitleText": "余额明细",
						"app-plus": {
							"titleNView": {
								"backgroundColor":"#f9f9f9"
							}
						}
					}
        },{
            "path" : "pages/user/wallet/czjl/txjl",
             "style" : {
						"navigationBarTitleText": "提现记录",
						"app-plus": {
							"titleNView": {
								"backgroundColor":"#f9f9f9"
							}
						}
					}
        },
		{
			"path": "pages/template/list2detail-list/list2detail-list",
			"style": {
				"navigationBarTitleText": "帮助中心"
			}
		},
		{
			"path": "pages/template/list2detail-detail/list2detail-detail",
			"style": {
				"navigationBarTitleText": "详情",
				"app-plus": {
					"titleNView": {
						"type": "transparent",
						"buttons": [{
							"type": "share"
						}]
					}
				},
				"h5": {
					"titleNView": {
						"type": "transparent",
						"buttons": []
					}
				}
			}
		}
        ,{
            "path" : "pages/index/xszx/xszx-list/reg/reg",
                "style" : {
           			"navigationBarTitleText": "注册",
           			"app-plus": {
           				"titleNView": {
           					"backgroundColor":"#f9f9f9"
           				}
           			}
           		}
        }
        ,{
            "path" : "pages/user/yhq/yhq",
           "style" : {
						"navigationBarTitleText": "填写邀请码",
							"app-plus": {
								"titleNView": {
									"backgroundColor":"#fff"
								}
							}
            }
        }
		,{
		    "path" : "pages/user/task/upnr",
		    "style" : {
						"navigationBarTitleText": "发布任务1/2",
							"app-plus": {
								"titleNView": {
									"backgroundColor":"#FFB400",
									"buttons": [{
										"fontSrc": "/static/iconfont/iconfont.ttf",
										"text": "\ue710",
										"fontSize": "24",
										"color": "#303133",
										"width": "46px",
										"background": "rgba(0,0,0,0)"
									}
									]
								}
							}
		    }
		}
		,{
		    "path" : "pages/user/task/upnr2",
		    "style" : {
						"navigationBarTitleText": "发布任务2/2",
							"app-plus": {
								"titleNView": {
									"backgroundColor":"#FFB400",
									"buttons": [{
										"fontSrc": "/static/iconfont/iconfont.ttf",
										"text": "\ue710",
										"fontSize": "24",
										"color": "#303133",
										"width": "46px",
										"background": "rgba(0,0,0,0)"
									}
									]
								}
							}
		    }
		}
		,{
		    "path" : "pages/user/task/task",
			"style": {
				"navigationBarTitleText": "管理任务",
				"app-plus": {
					"titleNView": {
						"backgroundColor":"#FFB400",
						"buttons": [
							{
								"color": "#333",
								"fontSize": "15px",
								"width":"60px",
								"fontWeight":"bold",
								"text": "发布"
							}
						]
					}
				}
			}
		}
		,{
		    "path" : "pages/user/task/tasksh",
		    "style" : {
		    	"navigationBarTitleText": "任务审核",
		    	"app-plus": {
		    		"titleNView": {
		    			"backgroundColor":"#f9f9f9"
		    		}
		    	}
		    }
		}
        ,{
            "path" : "pages/bdtel/bdtel",
            "style" : {
            	"navigationBarTitleText": "绑定手机号",
            	"app-plus": {
            		"titleNView": {
            			"backgroundColor":"#f9f9f9"
            		}
            	}
            }
        }
        ,{
            "path" : "pages/public/zhuce/zhuce",
            "style" : {
            	"navigationBarTitleText": "",
            	"navigationStyle": "custom"
            }
        }
        ,{
            "path" : "pages/doctor/doctjj/doctjj",
            "style" : {
            	"navigationBarTitleText": "",
            	"app-plus": {
            		"titleNView": {
            			"backgroundColor":"#f9f9f9"
            		}
            	}
            }
        }
       
        ,{
            "path" : "pages/public/zhmm/zhmm",
            "style" : {
				"navigationBarTitleText": "重置密码",
				"navigationStyle": "custom"
            }
        }
        ,{
            "path" : "pages/set/gywm/gywm",
            "style" : {
            	"navigationBarTitleText": "关于我们",
            	"app-plus": {
            		"titleNView": {
            			"backgroundColor":"#f9f9f9"
            		}
            	}
            }
        }
    ],
	"globalStyle": {
		"navigationBarTextStyle": "black",
		"navigationBarTitleText": "wool兼职",
		"navigationBarBackgroundColor": "#FFFFFF",
		"backgroundColor": "#f8f8f8"
	},
	"tabBar": {
		"color": "#3a3a3a",
		"selectedColor": "#d1632d",
		"borderStyle": "black",
		"backgroundColor": "#ffffff",
		"list": [{
				"pagePath": "pages/index/index",
				"iconPath": "static/icon/yzy_sy.png",
				"selectedIconPath": "static/icon/yzy_sys.png",
				"text": "首页"
			},
		
			// {
			// 	"pagePath": "pages/zys/zys",
			// 	"iconPath": "static/icon/yzy_zys.png",
			// 	"selectedIconPath": "static/icon/yzy_zyss.png",
			// 	"text": "推荐"
			// },
			// {
			// 	"pagePath": "pages/order/order",
			// 	"iconPath": "static/icon/yzy_dd.png",
			// 	"selectedIconPath": "static/icon/yzy_dds.png",
			// 	"text": "推广"
			// },
			{
				"pagePath": "pages/user/user",
				"iconPath": "static/icon/yzy_wd.png",
				"selectedIconPath": "static/icon/yzy_wds.png",
				"text": "我的"
			}
		]
	}
}
